# {"t_start": 1587621402.4406111, "env_id": "Reacher-v2"} 
r,l,t
-10.06132,50,0.039356
-13.562659,50,0.07481
-21.153089,50,0.112128
-20.528067,50,0.147944
-7.817998,50,0.182463
-14.772382,50,0.218442
-13.701975,50,0.254533
-23.347676,50,0.290244
-21.123445,50,0.325547
-22.657358,50,0.362915
